/*
SQLyog Ultimate v12.09 (64 bit)
MySQL - 8.0.28 : Database - bookreservationsys
*********************************************************************
*/

/*!40101 SET NAMES utf8 */;

/*!40101 SET SQL_MODE=''*/;

/*!40014 SET @OLD_UNIQUE_CHECKS=@@UNIQUE_CHECKS, UNIQUE_CHECKS=0 */;
/*!40014 SET @OLD_FOREIGN_KEY_CHECKS=@@FOREIGN_KEY_CHECKS, FOREIGN_KEY_CHECKS=0 */;
/*!40101 SET @OLD_SQL_MODE=@@SQL_MODE, SQL_MODE='NO_AUTO_VALUE_ON_ZERO' */;
/*!40111 SET @OLD_SQL_NOTES=@@SQL_NOTES, SQL_NOTES=0 */;
CREATE DATABASE /*!32312 IF NOT EXISTS*/`bookreservationsys` /*!40100 DEFAULT CHARACTER SET utf8mb4 COLLATE utf8mb4_0900_ai_ci */ /*!80016 DEFAULT ENCRYPTION='N' */;

USE `bookreservationsys`;

/*Table structure for table `admin` */

DROP TABLE IF EXISTS `admin`;

CREATE TABLE `admin` (
  `a_id` int NOT NULL AUTO_INCREMENT,
  `a_name` varchar(10) DEFAULT NULL,
  `a_access` varchar(12) NOT NULL,
  `a_pwd` varchar(12) NOT NULL,
  PRIMARY KEY (`a_id`)
) ENGINE=InnoDB AUTO_INCREMENT=2 DEFAULT CHARSET=utf8mb4 COLLATE=utf8mb4_0900_ai_ci;

/*Data for the table `admin` */

insert  into `admin`(`a_id`,`a_name`,`a_access`,`a_pwd`) values (1,'连总','lian','123');

/*Table structure for table `exchange` */

DROP TABLE IF EXISTS `exchange`;

CREATE TABLE `exchange` (
  `e_id` int NOT NULL AUTO_INCREMENT,
  `e_name` varchar(10) NOT NULL COMMENT '物品名',
  `e_points` int DEFAULT NULL COMMENT '兑换所需积分',
  `e_img` varchar(150) DEFAULT NULL COMMENT '图片路径',
  `e_inventory` int DEFAULT NULL COMMENT '库存',
  `e_description` varchar(40) CHARACTER SET utf8mb4 COLLATE utf8mb4_0900_ai_ci DEFAULT NULL COMMENT '描述',
  `e_type` varchar(10) CHARACTER SET utf8mb4 COLLATE utf8mb4_0900_ai_ci DEFAULT NULL COMMENT '兑换品类型',
  PRIMARY KEY (`e_id`)
) ENGINE=InnoDB AUTO_INCREMENT=8 DEFAULT CHARSET=utf8mb4 COLLATE=utf8mb4_0900_ai_ci;

/*Data for the table `exchange` */

insert  into `exchange`(`e_id`,`e_name`,`e_points`,`e_img`,`e_inventory`,`e_description`,`e_type`) values (1,'预约加时卡',20,'http://localhost:8080/img/addTime.jpg',471,'可以增加预约的时长，到达最高时长后将不能兑换','虚拟'),(2,'碳素笔(黑色)',5,'http://localhost:8080/img/pen.jpg',988,'没有描述','实物'),(3,'笔记本',15,'http://localhost:8080/img/notebook.jpg',975,'没有描述','实物'),(4,'矿泉水',5,'http://localhost:8080/img/water.jpg',197,'没有描述','食物'),(5,'士力架',10,'http://localhost:8080/img/shilijia.jpg',78,'没有描述','食物'),(6,'卫生纸',6,'http://localhost:8080/img/paper.jpg',495,'测试描述','用品');

/*Table structure for table `exchangelog` */

DROP TABLE IF EXISTS `exchangelog`;

CREATE TABLE `exchangelog` (
  `el_id` int NOT NULL AUTO_INCREMENT,
  `stu_id` int NOT NULL,
  `e_id` int NOT NULL,
  `e_get` int DEFAULT '0' COMMENT '是否领取，0：未领取，1：已领取',
  PRIMARY KEY (`el_id`)
) ENGINE=InnoDB AUTO_INCREMENT=105 DEFAULT CHARSET=utf8mb4 COLLATE=utf8mb4_0900_ai_ci;

/*Data for the table `exchangelog` */

insert  into `exchangelog`(`el_id`,`stu_id`,`e_id`,`e_get`) values (79,17,1,1),(80,3,2,0),(81,17,2,0),(82,17,5,0),(83,4,3,0),(84,4,6,0),(85,4,4,0),(86,4,4,0),(87,4,1,0),(88,8,5,0),(89,8,5,0),(90,8,5,0),(91,8,5,0),(92,8,2,0),(93,16,3,0),(95,20,1,0),(96,20,2,0),(97,20,3,0),(99,20,5,0),(100,20,4,0);

/*Table structure for table `gg` */

DROP TABLE IF EXISTS `gg`;

CREATE TABLE `gg` (
  `g_id` int NOT NULL AUTO_INCREMENT,
  `g_content` varchar(40) CHARACTER SET utf8mb4 COLLATE utf8mb4_0900_ai_ci NOT NULL,
  PRIMARY KEY (`g_id`)
) ENGINE=InnoDB AUTO_INCREMENT=16 DEFAULT CHARSET=utf8mb4 COLLATE=utf8mb4_0900_ai_ci;

/*Data for the table `gg` */

insert  into `gg`(`g_id`,`g_content`) values (13,'可预约时间：9:00-20:00'),(14,'预约开始时间后15分钟进入算作守时，守时可加积分'),(15,'文明预约');

/*Table structure for table `loginlog` */

DROP TABLE IF EXISTS `loginlog`;

CREATE TABLE `loginlog` (
  `l_id` int NOT NULL AUTO_INCREMENT,
  `l_stu_id` int NOT NULL,
  `l_date` varchar(11) NOT NULL,
  PRIMARY KEY (`l_id`)
) ENGINE=InnoDB DEFAULT CHARSET=utf8mb4 COLLATE=utf8mb4_0900_ai_ci;

/*Data for the table `loginlog` */

/*Table structure for table `notice` */

DROP TABLE IF EXISTS `notice`;

CREATE TABLE `notice` (
  `n_id` int NOT NULL AUTO_INCREMENT,
  `n_content` varchar(40) CHARACTER SET utf8mb4 COLLATE utf8mb4_0900_ai_ci NOT NULL,
  PRIMARY KEY (`n_id`)
) ENGINE=InnoDB AUTO_INCREMENT=4 DEFAULT CHARSET=utf8mb4 COLLATE=utf8mb4_0900_ai_ci;

/*Data for the table `notice` */

insert  into `notice`(`n_id`,`n_content`) values (2,'积分可以换食物了'),(3,'4楼的座位暂时不能预约');

/*Table structure for table `points` */

DROP TABLE IF EXISTS `points`;

CREATE TABLE `points` (
  `p_id` int NOT NULL AUTO_INCREMENT,
  `stu_id` int NOT NULL,
  `p_amount` int NOT NULL DEFAULT '0',
  PRIMARY KEY (`p_id`)
) ENGINE=InnoDB AUTO_INCREMENT=16 DEFAULT CHARSET=utf8mb4 COLLATE=utf8mb4_0900_ai_ci;

/*Data for the table `points` */

insert  into `points`(`p_id`,`stu_id`,`p_amount`) values (6,17,45),(11,21,5),(12,4,0),(13,8,5),(14,16,5),(15,20,45);

/*Table structure for table `pointslog` */

DROP TABLE IF EXISTS `pointslog`;

CREATE TABLE `pointslog` (
  `pl_id` int NOT NULL AUTO_INCREMENT,
  `e_id` int DEFAULT NULL,
  `stu_id` int NOT NULL,
  `pl_add_less` varchar(4) CHARACTER SET utf8mb4 COLLATE utf8mb4_0900_ai_ci NOT NULL COMMENT '-1,+1',
  `pl_date` varchar(10) DEFAULT NULL COMMENT '日期',
  `pl_current_amount` varchar(4) DEFAULT NULL COMMENT '变化后的积分',
  `pl_type` varchar(10) DEFAULT NULL COMMENT '"兑换"、"撤销"、"守时"',
  PRIMARY KEY (`pl_id`)
) ENGINE=InnoDB AUTO_INCREMENT=81 DEFAULT CHARSET=utf8mb4 COLLATE=utf8mb4_0900_ai_ci;

/*Data for the table `pointslog` */

insert  into `pointslog`(`pl_id`,`e_id`,`stu_id`,`pl_add_less`,`pl_date`,`pl_current_amount`,`pl_type`) values (35,1,17,'-20','2023/12/07','60','兑换'),(36,1,17,'+20','2023/12/07','80','撤销'),(37,1,17,'-20','2023/12/07','60','兑换'),(38,1,17,'-20','2023/12/07','40','兑换'),(39,1,17,'+20','2023/12/07','60','撤销'),(40,1,17,'+20','2023/12/07','80','撤销'),(41,3,17,'-15','2023/12/07','65','兑换'),(42,3,17,'-15','2023/12/07','50','兑换'),(43,1,17,'-20','2023/12/07','30','兑换'),(44,1,17,'-20','2023/12/07','10','兑换'),(45,1,17,'+20','2023/12/07','30','撤销'),(46,1,17,'+20','2023/12/07','50','撤销'),(47,3,17,'+15','2023/12/07','65','撤销'),(48,3,17,'+15','2023/12/07','80','撤销'),(49,1,17,'-20','2023/12/07','60','兑换'),(50,2,3,'-5','2023/12/07','0','兑换'),(51,2,17,'-5','2023/12/07','55','兑换'),(52,5,17,'-10','2023/12/07','45','兑换'),(53,3,4,'-15','2023/12/12','35','兑换'),(54,6,4,'-5','2023/12/12','30','兑换'),(55,4,4,'-5','2023/12/12','25','兑换'),(56,4,4,'-5','2023/12/12','20','兑换'),(57,1,4,'-20','2023/12/12','0','兑换'),(58,5,8,'-10','2023/12/12','40','兑换'),(59,5,8,'-10','2023/12/12','30','兑换'),(60,5,8,'-10','2023/12/12','20','兑换'),(61,5,8,'-10','2023/12/12','10','兑换'),(62,2,8,'-5','2023/12/12','5','兑换'),(63,3,16,'-15','2023/12/12','5','兑换'),(64,6,16,'-5','2023/12/12','0','兑换'),(65,6,16,'+5','2023/12/12','5','撤销'),(66,1,20,'-20','2023/12/12','80','兑换'),(67,2,20,'-5','2023/12/12','75','兑换'),(68,3,20,'-15','2023/12/12','60','兑换'),(69,6,20,'-5','2023/12/12','55','兑换'),(70,5,20,'-10','2023/12/12','45','兑换'),(71,4,20,'-5','2023/12/12','40','兑换'),(72,5,20,'-10','2023/12/12','30','兑换'),(73,5,20,'-10','2023/12/12','20','兑换'),(74,5,20,'-10','2023/12/12','10','兑换'),(75,5,20,'-10','2023/12/12','0','兑换'),(76,5,20,'+10','2023/12/12','10','撤销'),(77,5,20,'+10','2023/12/12','20','撤销'),(78,5,20,'+10','2023/12/12','30','撤销'),(79,5,20,'+10','2023/12/12','40','撤销'),(80,6,20,'+5','2023/12/12','45','撤销');

/*Table structure for table `reserecord` */

DROP TABLE IF EXISTS `reserecord`;

CREATE TABLE `reserecord` (
  `r_id` int NOT NULL AUTO_INCREMENT,
  `s_id` int NOT NULL COMMENT '座位id',
  `stu_id` varchar(10) NOT NULL COMMENT '学生id',
  `r_start_time` varchar(5) DEFAULT NULL COMMENT '预约起始时间',
  `r_end_time` varchar(5) DEFAULT NULL COMMENT '预约结束时间',
  `r_enter_time` varchar(5) CHARACTER SET utf8mb4 COLLATE utf8mb4_0900_ai_ci DEFAULT '-' COMMENT '入座时间',
  `r_leave_time` varchar(5) CHARACTER SET utf8mb4 COLLATE utf8mb4_0900_ai_ci DEFAULT '-' COMMENT '离开时间',
  `r_date` varchar(10) DEFAULT NULL COMMENT '当天日期',
  `r_state` varchar(10) CHARACTER SET utf8mb4 COLLATE utf8mb4_0900_ai_ci DEFAULT NULL COMMENT '0：预约，1：入座',
  `r_complete` varchar(1) DEFAULT '0' COMMENT '0：预约未完成，1：预约已完成',
  PRIMARY KEY (`r_id`)
) ENGINE=InnoDB AUTO_INCREMENT=48 DEFAULT CHARSET=utf8mb4 COLLATE=utf8mb4_0900_ai_ci;

/*Data for the table `reserecord` */

insert  into `reserecord`(`r_id`,`s_id`,`stu_id`,`r_start_time`,`r_end_time`,`r_enter_time`,`r_leave_time`,`r_date`,`r_state`,`r_complete`) values (11,1,'17','20:53','20:53','-','-','2023/12/05','0','1'),(12,50,'2','21:10','21:10','-','-','2023/12/05','0','1'),(13,1,'17','08:50','11:50','-','-','2023/12/06','2','1'),(14,49,'17','08:00','11:00','-','-','2023/12/07','2','1'),(15,184,'17','22:50','00:50','-','-','2023/12/10','2','1'),(16,2,'17','22:06','22:06','-','-','2023/12/11','2','1'),(17,2,'2','22:06','22:06','-','-','2023/12/11','2','1'),(18,32,'3','22:07','22:07','-','-','2023/12/11','2','1'),(19,60,'21','22:08','22:08','-','-','2023/12/11','2','1'),(20,2,'8','10:00','14:00','-','-','2023/12/12','2','1'),(21,5,'10','15:30','17:30','-','-','2023/12/12','2','1'),(22,6,'16','15:30','20:30','-','-','2023/12/12','2','1'),(23,31,'20','15:30','17:30','-','-','2023/12/12','2','1'),(24,36,'23','14:00','16:30','-','-','2023/12/12','2','1'),(25,37,'40','14:00','16:30','-','-','2023/12/12','2','1'),(26,23,'17','13:16','13:16','-','-','2023/12/12','2','1'),(27,50,'22','20:00','21:00','20:41','20:42','2023/12/12','2','1'),(28,1,'17','09:30','12:30','10:14','10:14','2023/12/13','2','1'),(29,6,'4','09:30','12:30','10:14','10:14','2023/12/13','2','1'),(30,2,'16','09:40','10:30','10:14','10:14','2023/12/13','2','1'),(31,25,'21','09:40','12:40','10:14','10:14','2023/12/13','2','1'),(32,30,'11','09:40','12:40','10:14','10:14','2023/12/13','2','1'),(33,2,'41','13:30','15:30','10:14','10:14','2023/12/13','2','1'),(34,36,'29','15:40','17:40','10:03','10:03','2023/12/13','2','1'),(35,31,'8','15:40','17:40','09:54','09:56','2023/12/13','2','1'),(36,11,'21','10:30','12:30','-','-','2023/12/13','0','0'),(37,12,'17','10:30','12:30','-','-','2023/12/13','0','0'),(38,25,'16','14:30','17:30','-','-','2023/12/13','0','0'),(39,24,'4','14:30','17:19','-','-','2023/12/13','0','0'),(40,26,'2','10:25','13:25','-','-','2023/12/13','0','0'),(41,27,'26','10:25','14:25','-','-','2023/12/13','0','0'),(42,121,'41','10:26','14:26','-','-','2023/12/13','0','0'),(43,122,'18','10:26','10:26','-','-','2023/12/13','0','0'),(44,16,'5','10:27','14:27','-','-','2023/12/13','0','0'),(45,35,'7','10:29','10:29','10:32','-','2023/12/13','1','0'),(46,34,'9','10:30','10:30','10:32','-','2023/12/13','1','0'),(47,51,'10','10:30','15:30','-','-','2023/12/13','0','0');

/*Table structure for table `seat` */

DROP TABLE IF EXISTS `seat`;

CREATE TABLE `seat` (
  `s_id` int NOT NULL AUTO_INCREMENT COMMENT 'id',
  `s_floor` int NOT NULL COMMENT '楼层',
  `s_code` varchar(6) NOT NULL COMMENT '座位标识:1A-1',
  `s_state` int NOT NULL DEFAULT '0' COMMENT '0:暂未预约，1:被预约，2:已有人',
  `s_can_be_booked` int NOT NULL DEFAULT '1' COMMENT '1:可预约，0：不可预约',
  `s_instruction` varchar(20) DEFAULT '无说明' COMMENT '座位说明',
  `s_condition` varchar(10) NOT NULL DEFAULT '正常使用' COMMENT '座位情况说明',
  PRIMARY KEY (`s_id`)
) ENGINE=InnoDB AUTO_INCREMENT=185 DEFAULT CHARSET=utf8mb4 COLLATE=utf8mb4_0900_ai_ci;

/*Data for the table `seat` */

insert  into `seat`(`s_id`,`s_floor`,`s_code`,`s_state`,`s_can_be_booked`,`s_instruction`,`s_condition`) values (1,1,'1A-1',0,1,'修改测试','正常使用'),(2,1,'1A-2',0,0,'无说明','不可使用'),(3,1,'1A-3',0,1,'无说明','正常使用'),(4,1,'1A-4',0,1,'无说明','正常使用'),(5,1,'1A-5',0,0,'无说明','不可使用'),(6,1,'1A-6',0,1,'无说明','正常使用'),(7,1,'1A-7',0,1,'无说明','正常使用'),(8,1,'1A-8',0,1,'无说明','正常使用'),(9,1,'1A-9',0,1,'无说明','正常使用'),(10,1,'1A-10',0,1,'无说明','正常使用'),(11,1,'1B-1',1,1,'无说明','正常使用'),(12,1,'1B-2',1,1,'无说明','正常使用'),(13,1,'1B-3',0,1,'无说明','正常使用'),(14,1,'1B-4',0,1,'无说明','正常使用'),(15,1,'1B-5',0,1,'无说明','正常使用'),(16,1,'1B-6',1,1,'无说明','正常使用'),(17,1,'1B-7',0,1,'无说明','正常使用'),(18,1,'1B-8',0,1,'无说明','正常使用'),(19,1,'1B-9',0,1,'无说明','正常使用'),(20,1,'1B-10',0,1,'无说明','正常使用'),(21,1,'1C-1',0,1,'无说明','正常使用'),(22,1,'1C-2',0,1,'无说明','正常使用'),(23,1,'1C-3',0,1,'无说明','正常使用'),(24,1,'1C-4',1,1,'无说明','正常使用'),(25,1,'1C-5',1,1,'无说明','正常使用'),(26,1,'1C-6',1,1,'无说明','正常使用'),(27,1,'1C-7',1,1,'无说明','正常使用'),(28,1,'1C-8',0,1,'无说明','正常使用'),(29,1,'1C-9',0,1,'无说明','正常使用'),(30,1,'1C-10',0,1,'无说明','正常使用'),(31,1,'1D-1',0,1,'无说明','正常使用'),(32,1,'1D-2',0,1,'无说明','正常使用'),(33,1,'1D-3',0,1,'无说明','正常使用'),(34,1,'1D-4',2,1,'无说明','正常使用'),(35,1,'1D-5',2,1,'无说明','正常使用'),(36,1,'1D-6',0,1,'无说明','正常使用'),(37,1,'1D-7',0,1,'无说明','正常使用'),(38,1,'1D-8',0,1,'无说明','正常使用'),(39,1,'1D-9',0,1,'无说明','正常使用'),(40,1,'1D-10',0,1,'无说明','正常使用'),(41,1,'1E-1',0,1,'无说明','正常使用'),(42,1,'1E-2',0,1,'无说明','正常使用'),(43,1,'1E-3',0,1,'无说明','正常使用'),(44,1,'1E-4',0,1,'无说明','正常使用'),(45,1,'1E-5',0,1,'无说明','正常使用'),(46,1,'1E-6',0,1,'无说明','正常使用'),(47,1,'1E-7',0,1,'无说明','正常使用'),(48,1,'1E-8',0,1,'无说明','正常使用'),(49,1,'1E-9',0,1,'无说明','正常使用'),(50,1,'1E-10',0,1,'无说明','正常使用'),(51,1,'1F-1',1,1,'无说明','正常使用'),(52,1,'1F-2',0,1,'无说明','正常使用'),(53,1,'1F-3',0,1,'无说明','正常使用'),(54,1,'1F-4',0,1,'无说明','正常使用'),(55,1,'1F-5',0,1,'无说明','正常使用'),(56,1,'1F-6',0,1,'无说明','正常使用'),(57,1,'1F-7',0,1,'无说明','正常使用'),(58,1,'1F-8',0,1,'无说明','正常使用'),(59,1,'1F-9',0,1,'无说明','正常使用'),(60,1,'1F-10',0,1,'无说明','正常使用'),(61,2,'2A-1',0,1,'无说明','正常使用'),(62,2,'2A-2',0,1,'无说明','正常使用'),(63,2,'2A-3',0,1,'无说明','正常使用'),(64,2,'2A-4',0,1,'无说明','正常使用'),(65,2,'2A-5',0,1,'无说明','正常使用'),(66,2,'2A-6',0,1,'无说明','正常使用'),(67,2,'2A-7',0,1,'无说明','正常使用'),(68,2,'2A-8',0,1,'无说明','正常使用'),(69,2,'2A-9',0,1,'无说明','正常使用'),(70,2,'2A-10',0,1,'无说明','正常使用'),(71,2,'2B-1',0,1,'无说明','正常使用'),(72,2,'2B-2',0,1,'无说明','正常使用'),(73,2,'2B-3',0,1,'无说明','正常使用'),(74,2,'2B-4',0,1,'无说明','正常使用'),(75,2,'2B-5',0,1,'无说明','正常使用'),(76,2,'2B-6',0,1,'无说明','正常使用'),(77,2,'2B-7',0,1,'无说明','正常使用'),(78,2,'2B-8',0,1,'无说明','正常使用'),(79,2,'2B-9',0,1,'无说明','正常使用'),(80,2,'2B-10',0,1,'无说明','正常使用'),(81,2,'2C-1',0,1,'无说明','正常使用'),(82,2,'2C-2',0,1,'无说明','正常使用'),(83,2,'2C-3',0,1,'无说明','正常使用'),(84,2,'2C-4',0,1,'无说明','正常使用'),(85,2,'2C-5',0,1,'无说明','正常使用'),(86,2,'2C-6',0,1,'无说明','正常使用'),(87,2,'2C-7',0,1,'无说明','正常使用'),(88,2,'2C-8',0,1,'无说明','正常使用'),(89,2,'2C-9',0,1,'无说明','正常使用'),(90,2,'2C-10',0,1,'无说明','正常使用'),(91,2,'2D-1',0,1,'无说明','正常使用'),(92,2,'2D-2',0,1,'无说明','正常使用'),(93,2,'2D-3',0,1,'无说明','正常使用'),(94,2,'2D-4',0,1,'无说明','正常使用'),(95,2,'2D-5',0,1,'无说明','正常使用'),(96,2,'2D-6',0,1,'无说明','正常使用'),(97,2,'2D-7',0,1,'无说明','正常使用'),(98,2,'2D-8',0,1,'无说明','正常使用'),(99,2,'2D-9',0,1,'无说明','正常使用'),(100,2,'2D-10',0,1,'无说明','正常使用'),(101,2,'2E-1',0,1,'无说明','正常使用'),(102,2,'2E-2',0,1,'无说明','正常使用'),(103,2,'2E-3',0,1,'无说明','正常使用'),(104,2,'2E-4',0,1,'无说明','正常使用'),(105,2,'2E-5',0,1,'无说明','正常使用'),(106,2,'2E-6',0,1,'无说明','正常使用'),(107,2,'2E-7',0,1,'无说明','正常使用'),(108,2,'2E-8',0,1,'无说明','正常使用'),(109,2,'2E-9',0,1,'无说明','正常使用'),(110,2,'2E-10',0,1,'无说明','正常使用'),(111,2,'2F-1',0,1,'无说明','正常使用'),(112,2,'2F-2',0,1,'无说明','正常使用'),(113,2,'2F-3',0,1,'无说明','正常使用'),(114,2,'2F-4',0,1,'无说明','正常使用'),(115,2,'2F-5',0,1,'无说明','正常使用'),(116,2,'2F-6',0,1,'无说明','正常使用'),(117,2,'2F-7',0,1,'无说明','正常使用'),(118,2,'2F-8',0,1,'无说明','正常使用'),(119,2,'2F-9',0,1,'无说明','正常使用'),(120,2,'2F-10',0,1,'无说明','正常使用'),(121,3,'3A-1',1,1,'无说明','正常使用'),(122,3,'3A-2',1,1,'无说明','正常使用'),(123,3,'3A-3',0,1,'无说明','正常使用'),(124,3,'3A-4',0,1,'无说明','正常使用'),(125,3,'3A-5',0,1,'无说明','正常使用'),(126,3,'3A-6',0,1,'无说明','正常使用'),(127,3,'3A-7',0,1,'无说明','正常使用'),(128,3,'3A-8',0,1,'无说明','正常使用'),(129,3,'3A-9',0,1,'无说明','正常使用'),(130,3,'3A-10',0,1,'无说明','正常使用'),(131,3,'3B-1',0,1,'无说明','正常使用'),(132,3,'3B-2',0,1,'无说明','正常使用'),(133,3,'3B-3',0,1,'无说明','正常使用'),(134,3,'3B-4',0,1,'无说明','正常使用'),(135,3,'3B-5',0,1,'无说明','正常使用'),(136,3,'3B-6',0,1,'无说明','正常使用'),(137,3,'3B-7',0,1,'无说明','正常使用'),(138,3,'3B-8',0,1,'无说明','正常使用'),(139,3,'3B-9',0,1,'无说明','正常使用'),(140,3,'3B-10',0,1,'无说明','正常使用'),(141,3,'3C-1',0,1,'无说明','正常使用'),(142,3,'3C-2',0,1,'无说明','正常使用'),(143,3,'3C-3',0,1,'无说明','正常使用'),(144,3,'3C-4',0,1,'无说明','正常使用'),(145,3,'3C-5',0,1,'无说明','正常使用'),(146,3,'3C-6',0,1,'无说明','正常使用'),(147,3,'3C-7',0,1,'无说明','正常使用'),(148,3,'3C-8',0,1,'无说明','正常使用'),(149,3,'3C-9',0,1,'无说明','正常使用'),(150,3,'3C-10',0,1,'无说明','正常使用'),(151,3,'3D-1',0,1,'无说明','正常使用'),(152,3,'3D-2',0,1,'无说明','正常使用'),(153,3,'3D-3',0,1,'无说明','正常使用'),(154,3,'3D-4',0,1,'无说明','正常使用'),(155,3,'3D-5',0,1,'无说明','正常使用'),(156,3,'3D-6',0,1,'无说明','正常使用'),(157,3,'3D-7',0,1,'无说明','正常使用'),(158,3,'3D-8',0,1,'无说明','正常使用'),(159,3,'3D-9',0,1,'无说明','正常使用'),(160,3,'3D-10',0,1,'无说明','正常使用'),(161,3,'3E-1',0,1,'无说明','正常使用'),(162,3,'3E-2',0,1,'无说明','正常使用'),(163,3,'3E-3',0,1,'无说明','正常使用'),(164,3,'3E-4',0,1,'无说明','正常使用'),(165,3,'3E-5',0,1,'无说明','正常使用'),(166,3,'3E-6',0,1,'无说明','正常使用'),(167,3,'3E-7',0,1,'无说明','正常使用'),(168,3,'3E-8',0,1,'无说明','正常使用'),(169,3,'3E-9',0,1,'无说明','正常使用'),(170,3,'3E-10',0,1,'无说明','正常使用'),(171,3,'3F-1',0,1,'无说明','正常使用'),(172,3,'3F-2',0,1,'无说明','正常使用'),(173,3,'3F-3',0,1,'无说明','正常使用'),(174,3,'3F-4',0,1,'无说明','正常使用'),(175,3,'3F-5',0,1,'无说明','正常使用'),(176,3,'3F-6',0,1,'无说明','正常使用'),(177,3,'3F-7',0,1,'无说明','正常使用'),(178,3,'3F-8',0,1,'无说明','正常使用'),(179,3,'3F-9',0,1,'无说明','正常使用'),(180,3,'3F-10',0,1,'无说明','正常使用'),(181,4,'4A-1',0,0,'无说明','正常使用'),(182,4,'4B-1',0,0,'无说明','正常使用'),(183,4,'4C-1',0,0,'无说明','正常使用');

/*Table structure for table `student` */

DROP TABLE IF EXISTS `student`;

CREATE TABLE `student` (
  `stu_id` int NOT NULL AUTO_INCREMENT,
  `stu_number` varchar(15) CHARACTER SET utf8mb4 COLLATE utf8mb4_0900_ai_ci NOT NULL,
  `stu_name` varchar(10) CHARACTER SET utf8mb4 COLLATE utf8mb4_0900_ai_ci NOT NULL,
  `stu_pwd` varchar(10) DEFAULT '123456789',
  PRIMARY KEY (`stu_id`)
) ENGINE=InnoDB AUTO_INCREMENT=52 DEFAULT CHARSET=utf8mb4 COLLATE=utf8mb4_0900_ai_ci;

/*Data for the table `student` */

insert  into `student`(`stu_id`,`stu_number`,`stu_name`,`stu_pwd`) values (1,'202040442','张梓默','123456789'),(2,'202041640','孙嘉泽','123456789'),(3,'202041641','赵佳旺','123456789'),(4,'202041642','于志栋','123456789'),(5,'202041643','裴文静','123456789'),(6,'202041644','刘相宏','123456789'),(7,'202041645','孙嘉盛','123456789'),(8,'202041646','张伟','123456789'),(9,'202041647','赵晓龙','123456789'),(10,'202041648','张立业','123456789'),(11,'202041649','宋兆杰','123456789'),(12,'202041650','陈浩男','123456789'),(13,'202041651','王孟冉','123456789'),(14,'202041652','贾少乾','123456789'),(15,'202041653','李天宇','123456789'),(16,'202041654','王江朋','123456789'),(17,'202041656','邢屹哲','213055'),(18,'202041657','郭瑞杰','123456789'),(19,'202041658','董晓瑞','123456789'),(20,'202041659','于月娟','123456789'),(21,'202041660','连祥雨','123456789'),(22,'202041661','李岳峻','123456789'),(23,'202041662','柳悦','123456789'),(24,'202041663','杨笑歌','123456789'),(25,'202041664','张世龙','123456789'),(26,'202041665','王韶聪','123456789'),(27,'202041666','马志博','123456789'),(28,'202041667','单世康','123456789'),(29,'202041668','张靖浩','123456789'),(30,'202041669','王梦琪','123456789'),(31,'202041670','段亚乐','123456789'),(32,'202041671','李易霖','123456789'),(33,'202041672','张家奥','123456789'),(34,'202041673','杨冲','123456789'),(35,'202041674','于立澎','123456789'),(36,'202041675','王爱爱','123456789'),(37,'202041676','高润泽','123456789'),(38,'202041677','迟孟楠','123456789'),(39,'202041678','张骏','123456789'),(40,'202041679','王蕊','123456789'),(41,'202041680','赵世骐','123456789'),(42,'202041681','方茹倩','123456789'),(43,'202041682','黄嘉璇','123456789'),(44,'202041683','翟梦帆','123456789'),(45,'202041684','刁孟晗','123456789'),(46,'202041685','王大海','123456789'),(47,'202041686','王向阳','123456789'),(48,'202041687','刘丹','123456789'),(49,'202041688','黄峻奇','123456789'),(50,'202041689','丽斯','123456789'),(51,'202041000','测试姓名','213055');

/*!40101 SET SQL_MODE=@OLD_SQL_MODE */;
/*!40014 SET FOREIGN_KEY_CHECKS=@OLD_FOREIGN_KEY_CHECKS */;
/*!40014 SET UNIQUE_CHECKS=@OLD_UNIQUE_CHECKS */;
/*!40111 SET SQL_NOTES=@OLD_SQL_NOTES */;
